Date,Close
1/4/2010 16:00,59.41
1/5/2010 16:00,59.23
1/6/2010 16:00,60
1/7/2010 16:00,59.71
1/8/2010 16:00,59.28
1/11/2010 16:00,59.35
1/12/2010 16:00,59.03
1/13/2010 16:00,59.4
1/14/2010 16:00,58.72
1/15/2010 16:00,58.79
1/19/2010 16:00,58.95
1/20/2010 16:00,58.27
1/21/2010 16:00,57.52
1/22/2010 16:00,57.07
1/25/2010 16:00,57.55
1/26/2010 16:00,57.93
1/27/2010 16:00,57.53
1/28/2010 16:00,57.35
1/29/2010 16:00,57.43
2/1/2010 16:00,57.91
2/2/2010 16:00,58.77
2/3/2010 16:00,58.42
2/4/2010 16:00,58.52
2/5/2010 16:00,58.58
2/8/2010 16:00,58.14
2/9/2010 16:00,58.76
2/10/2010 16:00,59.15
2/11/2010 16:00,59.67
2/12/2010 16:00,59.28
2/16/2010 16:00,60.67
2/17/2010 16:00,61.05
2/18/2010 16:00,60.96
2/19/2010 16:00,61.14
2/22/2010 16:00,60.79
2/23/2010 16:00,60.51
2/24/2010 16:00,60.86
2/25/2010 16:00,61.4
2/26/2010 16:00,60.97
3/1/2010 16:00,61.65
3/2/2010 16:00,61.38
3/3/2010 16:00,60.68
3/4/2010 16:00,60.8
3/5/2010 16:00,60.68
3/8/2010 16:00,60.67
3/9/2010 16:00,60.13
3/10/2010 16:00,59.84
3/11/2010 16:00,59.9
3/12/2010 16:00,60.17
3/15/2010 16:00,60.55
3/16/2010 16:00,60.91
3/17/2010 16:00,61.33
3/18/2010 16:00,61.27
3/19/2010 16:00,60.72
3/22/2010 16:00,60.88
3/23/2010 16:00,60.76
3/24/2010 16:00,60.07
3/25/2010 16:00,60.05
3/26/2010 16:00,60.13
3/29/2010 16:00,60.14
3/30/2010 16:00,60.17
3/31/2010 16:00,59.71
4/1/2010 16:00,60.14
4/5/2010 16:00,60.82
4/6/2010 16:00,61.74
4/7/2010 16:00,61.72
4/8/2010 16:00,60.98
4/9/2010 16:00,61.21
4/12/2010 16:00,60.35
4/13/2010 16:00,59.89
4/14/2010 16:00,59.62
4/15/2010 16:00,59.03
4/16/2010 16:00,59.19
4/19/2010 16:00,59.47
4/20/2010 16:00,59.49
4/21/2010 16:00,59.51
4/22/2010 16:00,60.22
4/23/2010 16:00,60.2
4/26/2010 16:00,60.07
4/27/2010 16:00,59.17
4/28/2010 16:00,58.85
4/29/2010 16:00,59.35
4/30/2010 16:00,59.08
5/3/2010 16:00,59.31
5/4/2010 16:00,59.88
5/5/2010 16:00,60.36
5/6/2010 16:00,58.03
5/7/2010 16:00,57.31
5/10/2010 16:00,57.52
5/11/2010 16:00,57.94
5/12/2010 16:00,57.88
5/13/2010 16:00,57.67
5/14/2010 16:00,57.74
5/17/2010 16:00,58.35
5/18/2010 16:00,57.78
5/19/2010 16:00,57.77
5/20/2010 16:00,56.59
5/21/2010 16:00,57.44
5/24/2010 16:00,56.76
5/25/2010 16:00,56.5
5/26/2010 16:00,55.98
5/27/2010 16:00,58.74
5/28/2010 16:00,58.25
6/1/2010 16:00,57.98
6/2/2010 16:00,58.95
6/3/2010 16:00,57.93
6/4/2010 16:00,56.17
6/7/2010 16:00,55.85
6/8/2010 16:00,56.66
6/9/2010 16:00,57.4
6/10/2010 16:00,57.65
6/11/2010 16:00,57.52
6/14/2010 16:00,57.52
6/15/2010 16:00,59.16
6/16/2010 16:00,58.34
6/17/2010 16:00,58.58
6/18/2010 16:00,58.21
6/21/2010 16:00,57.78
6/22/2010 16:00,57.61
6/23/2010 16:00,57.44
6/24/2010 16:00,56.22
6/25/2010 16:00,56.44
6/28/2010 16:00,56.65
6/29/2010 16:00,55.63
6/30/2010 16:00,54.83
7/1/2010 16:00,54.9
7/2/2010 16:00,54.23
7/6/2010 16:00,54
7/7/2010 16:00,54.29
7/8/2010 16:00,55.71
7/9/2010 16:00,56.19
7/12/2010 16:00,55.93
7/13/2010 16:00,56.51
7/14/2010 16:00,56.35
7/15/2010 16:00,56.55
7/16/2010 16:00,54.98
7/19/2010 16:00,54.82
7/20/2010 16:00,55.09
7/21/2010 16:00,53.61
7/22/2010 16:00,54.9
7/23/2010 16:00,55.95
7/26/2010 16:00,55.71
7/27/2010 16:00,57.21
7/28/2010 16:00,56.51
7/29/2010 16:00,56.21
7/30/2010 16:00,56.71
8/2/2010 16:00,56.84
8/3/2010 16:00,56.55
8/4/2010 16:00,57.4
8/5/2010 16:00,56.46
8/6/2010 16:00,56.54
8/9/2010 16:00,57.16
8/10/2010 16:00,56.98
8/11/2010 16:00,55.87
8/12/2010 16:00,55.67
8/13/2010 16:00,55.31
8/16/2010 16:00,55.37
8/17/2010 16:00,55.83
8/18/2010 16:00,55.68
8/19/2010 16:00,55.01
8/20/2010 16:00,55.04
8/23/2010 16:00,54.9
8/24/2010 16:00,55.6
8/25/2010 16:00,57.07
8/26/2010 16:00,56.28
8/27/2010 16:00,56.19
8/30/2010 16:00,56.07
8/31/2010 16:00,56.5
9/1/2010 16:00,57.79
9/2/2010 16:00,58.59
9/3/2010 16:00,58.57
9/7/2010 16:00,58.64
9/8/2010 16:00,59.21
9/9/2010 16:00,58.94
9/10/2010 16:00,59.54
9/13/2010 16:00,60.05
9/14/2010 16:00,61.04
9/15/2010 16:00,61.19
9/16/2010 16:00,61.24
9/17/2010 16:00,61.29
9/20/2010 16:00,61.28
9/21/2010 16:00,61.27
9/22/2010 16:00,62.33
9/23/2010 16:00,62.5
9/24/2010 16:00,64.05
9/27/2010 16:00,63.73
9/28/2010 16:00,65
9/29/2010 16:00,64.67
9/30/2010 16:00,64.49
10/1/2010 16:00,65.05
10/4/2010 16:00,64.56
10/5/2010 16:00,64.66
10/6/2010 16:00,65.21
10/7/2010 16:00,65.26
10/8/2010 16:00,64.29
10/11/2010 16:00,64.32
10/12/2010 16:00,63.34
10/13/2010 16:00,63.36
10/14/2010 16:00,63.18
10/15/2010 16:00,63.7
10/18/2010 16:00,63.21
10/19/2010 16:00,62.21
10/20/2010 16:00,62.61
10/21/2010 16:00,63.6
10/22/2010 16:00,64.03
10/25/2010 16:00,64.11
10/26/2010 16:00,63.68
10/27/2010 16:00,62.98
10/28/2010 16:00,62.8
10/29/2010 16:00,62.77
11/1/2010 16:00,63.28
11/2/2010 16:00,63.72
11/3/2010 16:00,63.16
11/4/2010 16:00,65.48
11/5/2010 16:00,65.4
11/8/2010 16:00,64.81
11/9/2010 16:00,64.22
11/10/2010 16:00,64.45
11/11/2010 16:00,65.35
11/12/2010 16:00,65.2
11/15/2010 16:00,65.48
11/16/2010 16:00,65.74
11/17/2010 16:00,67.02
11/18/2010 16:00,66.41
11/19/2010 16:00,66.56
11/22/2010 16:00,67.26
11/23/2010 16:00,66.9
11/24/2010 16:00,67.54
11/26/2010 16:00,67.22
11/29/2010 16:00,66.97
11/30/2010 16:00,67.61
12/1/2010 16:00,68.31
12/2/2010 16:00,69.01
12/3/2010 16:00,68.39
12/6/2010 16:00,69.19
12/7/2010 16:00,69.64
12/8/2010 16:00,69.25
12/9/2010 16:00,71.02
12/10/2010 16:00,71.25
12/13/2010 16:00,70.74
12/14/2010 16:00,71.21
12/15/2010 16:00,71.05
12/16/2010 16:00,72.12
12/17/2010 16:00,71.84
12/20/2010 16:00,72.31
12/21/2010 16:00,72.32
12/22/2010 16:00,72.27
12/23/2010 16:00,72.24
12/27/2010 16:00,72.08
12/28/2010 16:00,72.71
12/29/2010 16:00,72.7
12/30/2010 16:00,72.85
12/31/2010 16:00,72.21
1/3/2011 16:00,72.47
1/4/2011 16:00,72.33
1/5/2011 16:00,70.99
1/6/2011 16:00,70.65
1/7/2011 16:00,70.65
1/10/2011 16:00,70.48
1/11/2011 16:00,71.07
1/12/2011 16:00,71.49
1/13/2011 16:00,71.6
1/14/2011 16:00,72.51
1/18/2011 16:00,72.6
1/19/2011 16:00,72.07
1/20/2011 16:00,72.36
1/21/2011 16:00,72.77
1/24/2011 16:00,72.62
1/25/2011 16:00,72.46
1/26/2011 16:00,72.62
1/27/2011 16:00,73.12
1/28/2011 16:00,71.93
1/31/2011 16:00,71.84
2/1/2011 16:00,72.43
2/2/2011 16:00,70.85
2/3/2011 16:00,74.03
2/4/2011 16:00,74.13
2/7/2011 16:00,74.25
2/8/2011 16:00,74.8
2/9/2011 16:00,74.67
2/10/2011 16:00,74.55
2/11/2011 16:00,75.04
2/14/2011 16:00,74.66
2/15/2011 16:00,74.33
2/16/2011 16:00,74.96
2/17/2011 16:00,74.84
2/18/2011 16:00,75.43
2/22/2011 16:00,73.89
2/23/2011 16:00,72.84
2/24/2011 16:00,72.98
2/25/2011 16:00,73.57
2/28/2011 16:00,74.79
3/1/2011 16:00,73.62
3/2/2011 16:00,71.76
3/3/2011 16:00,72.49
3/4/2011 16:00,72.81
3/7/2011 16:00,72.19
3/8/2011 16:00,73.62
3/9/2011 16:00,74.16
3/10/2011 16:00,73.38
3/11/2011 16:00,72.55
3/14/2011 16:00,71.84
3/15/2011 16:00,71.56
3/16/2011 16:00,69.76
3/17/2011 16:00,70.46
3/18/2011 16:00,70.66
3/21/2011 16:00,71.04
3/22/2011 16:00,71.55
3/23/2011 16:00,70.92
3/24/2011 16:00,72.11
3/25/2011 16:00,71.46
3/28/2011 16:00,71.26
3/29/2011 16:00,71.9
3/30/2011 16:00,72.81
3/31/2011 16:00,73.32
4/1/2011 16:00,74.25
4/4/2011 16:00,74.17
4/5/2011 16:00,74.93
4/6/2011 16:00,74.99
4/7/2011 16:00,77.82
4/8/2011 16:00,76.41
4/11/2011 16:00,76.2
4/12/2011 16:00,76.45
4/13/2011 16:00,76.41
4/14/2011 16:00,76.34
4/15/2011 16:00,76.97
4/18/2011 16:00,76.9
4/19/2011 16:00,76.71
4/20/2011 16:00,78.56
4/21/2011 16:00,78.87
4/25/2011 16:00,78.66
4/26/2011 16:00,79.78
4/27/2011 16:00,81.1
4/28/2011 16:00,81.46
4/29/2011 16:00,80.89
5/2/2011 16:00,81.04
5/3/2011 16:00,80.51
5/4/2011 16:00,80.14
5/5/2011 16:00,79.61
5/6/2011 16:00,80.45
5/9/2011 16:00,81.4
5/10/2011 16:00,82.23
5/11/2011 16:00,81.7
5/12/2011 16:00,83.32
5/13/2011 16:00,82.72
5/16/2011 16:00,82.31
5/17/2011 16:00,82.71
5/18/2011 16:00,83.24
5/19/2011 16:00,83.86
5/20/2011 16:00,83.4
5/23/2011 16:00,82.64
5/24/2011 16:00,81.35
5/25/2011 16:00,80.32
5/26/2011 16:00,80.81
5/27/2011 16:00,81.53
5/31/2011 16:00,82.48
6/1/2011 16:00,80.21
6/2/2011 16:00,79
6/3/2011 16:00,77.81
6/6/2011 16:00,77.69
6/7/2011 16:00,78.36
6/8/2011 16:00,78.93
6/9/2011 16:00,79.03
6/10/2011 16:00,78.3
6/13/2011 16:00,78.45
6/14/2011 16:00,79.24
6/15/2011 16:00,77.93
6/16/2011 16:00,78.85
6/17/2011 16:00,79.63
6/20/2011 16:00,81.25
6/21/2011 16:00,81.39
6/22/2011 16:00,80.52
6/23/2011 16:00,80.4
6/24/2011 16:00,79.13
6/27/2011 16:00,79.85
6/28/2011 16:00,79.99
6/29/2011 16:00,80.03
6/30/2011 16:00,81.24
7/1/2011 16:00,81.54
7/5/2011 16:00,81.29
7/6/2011 16:00,82.64
7/7/2011 16:00,82.06
7/8/2011 16:00,81.41
7/11/2011 16:00,80.68
7/12/2011 16:00,80.71
7/13/2011 16:00,80.84
7/14/2011 16:00,80.33
7/15/2011 16:00,79.86
7/18/2011 16:00,79.11
7/19/2011 16:00,80.81
7/20/2011 16:00,80.69
7/21/2011 16:00,81.52
7/22/2011 16:00,81.67
7/25/2011 16:00,81.16
7/26/2011 16:00,80.55
7/27/2011 16:00,78.39
7/28/2011 16:00,78.33
7/29/2011 16:00,78.25
8/1/2011 16:00,77.71
8/2/2011 16:00,75.83
8/3/2011 16:00,77.08
8/4/2011 16:00,76.51
8/5/2011 16:00,76.74
8/8/2011 16:00,70.62
8/9/2011 16:00,74.66
8/10/2011 16:00,70.39
8/11/2011 16:00,72.61
8/12/2011 16:00,72.79
8/15/2011 16:00,74.08
8/16/2011 16:00,75.14
8/17/2011 16:00,76.12
8/18/2011 16:00,74.36
8/19/2011 16:00,74.36
8/22/2011 16:00,74.42
8/23/2011 16:00,76.22
8/24/2011 16:00,77.49
8/25/2011 16:00,75.86
8/26/2011 16:00,77.21
8/29/2011 16:00,77.79
8/30/2011 16:00,78.07
8/31/2011 16:00,78.54
9/1/2011 16:00,79.48
9/2/2011 16:00,78.56
9/6/2011 16:00,78.4
9/7/2011 16:00,80.61
9/8/2011 16:00,80.76
9/9/2011 16:00,78.9
9/12/2011 16:00,79.72
9/13/2011 16:00,80.71
9/14/2011 16:00,81.9
9/15/2011 16:00,83.01
9/16/2011 16:00,84.24
9/19/2011 16:00,85.03
9/20/2011 16:00,85.07
9/21/2011 16:00,84.43
9/22/2011 16:00,83.18
9/23/2011 16:00,83.37
9/26/2011 16:00,84.45
9/27/2011 16:00,84.33
9/28/2011 16:00,83.79
9/29/2011 16:00,82.98
9/30/2011 16:00,82.13
10/3/2011 16:00,81.63
10/4/2011 16:00,81.65
10/5/2011 16:00,80.25
10/6/2011 16:00,79.2
10/7/2011 16:00,79.02
10/10/2011 16:00,81.23
10/11/2011 16:00,80.9
10/12/2011 16:00,81.42
10/13/2011 16:00,81.67
10/14/2011 16:00,81.77
10/17/2011 16:00,82.36
10/18/2011 16:00,84.57
10/19/2011 16:00,84.38
10/20/2011 16:00,84.26
10/21/2011 16:00,85.3
10/24/2011 16:00,84.48
10/25/2011 16:00,83.23
10/26/2011 16:00,83.73
10/27/2011 16:00,85.22
10/28/2011 16:00,84.93
10/31/2011 16:00,83.25
11/1/2011 16:00,83.35
11/2/2011 16:00,84.43
11/3/2011 16:00,84.7
11/4/2011 16:00,83.81
11/7/2011 16:00,84.16
11/8/2011 16:00,85
11/9/2011 16:00,83.41
11/10/2011 16:00,82.72
11/11/2011 16:00,83.04
11/14/2011 16:00,83.45
11/15/2011 16:00,84.48
11/16/2011 16:00,82.94
11/17/2011 16:00,81.98
11/18/2011 16:00,81.72
11/21/2011 16:00,81.29
11/22/2011 16:00,81.81
11/23/2011 16:00,80.76
11/25/2011 16:00,80.82
11/28/2011 16:00,82.23
11/29/2011 16:00,83.51
11/30/2011 16:00,85.3
12/1/2011 16:00,87.09
12/2/2011 16:00,86.73
12/5/2011 16:00,87.2
12/6/2011 16:00,88.06
12/7/2011 16:00,87.47
12/8/2011 16:00,85.76
12/9/2011 16:00,84.37
12/12/2011 16:00,84.15
12/13/2011 16:00,83.63
12/14/2011 16:00,82.75
12/15/2011 16:00,82.57
12/16/2011 16:00,82.57
12/19/2011 16:00,82.06
12/20/2011 16:00,83.64
12/21/2011 16:00,83.79
12/22/2011 16:00,83.77
12/23/2011 16:00,84.66
12/27/2011 16:00,84.58
12/28/2011 16:00,84.18
12/29/2011 16:00,84.34
12/30/2011 16:00,83.32
1/3/2012 16:00,84.6
1/4/2012 16:00,84.07
1/5/2012 16:00,83.26
1/6/2012 16:00,81.13
1/9/2012 16:00,79.01
1/10/2012 16:00,79.15
1/11/2012 16:00,79.99
1/12/2012 16:00,79.95
1/13/2012 16:00,80.61
1/17/2012 16:00,81.42
1/18/2012 16:00,81.76
1/19/2012 16:00,81.21
1/20/2012 16:00,81.41
1/23/2012 16:00,81.64
1/24/2012 16:00,81.73
1/25/2012 16:00,82.72
1/26/2012 16:00,82.06
1/27/2012 16:00,81.62
1/30/2012 16:00,81.44
1/31/2012 16:00,82.27
2/1/2012 16:00,83.22
2/2/2012 16:00,85.51
2/3/2012 16:00,85.36
2/6/2012 16:00,85.04
2/7/2012 16:00,84.56
2/8/2012 16:00,84.28
2/9/2012 16:00,84.53
2/10/2012 16:00,84.2
2/13/2012 16:00,83.87
2/14/2012 16:00,84.1
2/15/2012 16:00,83.24
2/16/2012 16:00,84.05
2/17/2012 16:00,84.47
2/21/2012 16:00,84.26
2/22/2012 16:00,84.31
2/23/2012 16:00,84.77
2/24/2012 16:00,84.4
2/27/2012 16:00,85.09
2/28/2012 16:00,85.27
2/29/2012 16:00,86.06
3/1/2012 16:00,86.16
3/2/2012 16:00,86.23
3/5/2012 16:00,87.63
3/6/2012 16:00,87.58
3/7/2012 16:00,87.89
3/8/2012 16:00,88.3
3/9/2012 16:00,89.34
3/12/2012 16:00,89.43
3/13/2012 16:00,89.98
3/14/2012 16:00,90.9
3/15/2012 16:00,91.46
3/16/2012 16:00,90.44
3/19/2012 16:00,90.02
3/20/2012 16:00,90.26
3/21/2012 16:00,90.64
3/22/2012 16:00,90.5
3/23/2012 16:00,90.27
3/26/2012 16:00,91.52
3/27/2012 16:00,91.28
3/28/2012 16:00,90.62
3/29/2012 16:00,89.84
3/30/2012 16:00,90.8
4/2/2012 16:00,91.84
4/3/2012 16:00,90.39
4/4/2012 16:00,89.04
4/5/2012 16:00,88.65
4/9/2012 16:00,87.88
4/10/2012 16:00,86.89
4/11/2012 16:00,87.32
4/12/2012 16:00,87.18
4/13/2012 16:00,86.32
4/16/2012 16:00,86.88
4/17/2012 16:00,87.67
4/18/2012 16:00,88.07
4/19/2012 16:00,87.12
4/20/2012 16:00,87.58
4/23/2012 16:00,86.62
4/24/2012 16:00,86.43
4/25/2012 16:00,87.28
4/26/2012 16:00,88.08
4/27/2012 16:00,88.69
4/30/2012 16:00,88.18
5/1/2012 16:00,86.97
5/2/2012 16:00,86.64
5/3/2012 16:00,84.24
5/4/2012 16:00,83.39
5/7/2012 16:00,83.15
5/8/2012 16:00,82.64
5/9/2012 16:00,82.62
5/10/2012 16:00,83.88
5/11/2012 16:00,84.6
5/14/2012 16:00,84.3
5/15/2012 16:00,84.58
5/16/2012 16:00,84.91
5/17/2012 16:00,83.47
5/18/2012 16:00,82.94
5/21/2012 16:00,83.73
5/22/2012 16:00,83.38
5/23/2012 16:00,83.31
5/24/2012 16:00,84.48
5/25/2012 16:00,84.48
5/29/2012 16:00,86.64
5/30/2012 16:00,85.81
5/31/2012 16:00,86.39
6/1/2012 16:00,85.49
6/4/2012 16:00,86.56
6/5/2012 16:00,86.77
6/6/2012 16:00,87.78
6/7/2012 16:00,88.13
6/8/2012 16:00,88.74
6/11/2012 16:00,87.91
6/12/2012 16:00,88.5
6/13/2012 16:00,87.43
6/14/2012 16:00,89.83
6/15/2012 16:00,91.44
6/18/2012 16:00,92.03
6/19/2012 16:00,91.86
6/20/2012 16:00,91.49
6/21/2012 16:00,90.4
6/22/2012 16:00,90.93
6/25/2012 16:00,90.87
6/26/2012 16:00,91.69
6/27/2012 16:00,91.32
6/28/2012 16:00,92.92
6/29/2012 16:00,95
7/2/2012 16:00,94.4
7/3/2012 16:00,94.42
7/5/2012 16:00,94
7/6/2012 16:00,93.68
7/9/2012 16:00,93.97
7/10/2012 16:00,93.8
7/11/2012 16:00,94.5
7/12/2012 16:00,94.02
7/13/2012 16:00,94.81
7/16/2012 16:00,95.15
7/17/2012 16:00,96.06
7/18/2012 16:00,95.96
7/19/2012 16:00,95.95
7/20/2012 16:00,95.61
7/23/2012 16:00,94.39
7/24/2012 16:00,94.08
7/25/2012 16:00,93.75
7/26/2012 16:00,95.91
7/27/2012 16:00,97.11
7/30/2012 16:00,96.46
7/31/2012 16:00,96.18
8/1/2012 16:00,95.94
8/2/2012 16:00,95.7
8/3/2012 16:00,97.21
8/6/2012 16:00,96.5
8/7/2012 16:00,95.8
8/8/2012 16:00,95.63
8/9/2012 16:00,95.37
8/10/2012 16:00,95.3
8/13/2012 16:00,95.63
8/14/2012 16:00,95.67
8/15/2012 16:00,96.47
8/16/2012 16:00,96.48
8/17/2012 16:00,96.14
8/20/2012 16:00,96.02
8/21/2012 16:00,95.29
8/22/2012 16:00,95.53
8/23/2012 16:00,94.74
8/24/2012 16:00,96.25
8/27/2012 16:00,96.64
8/28/2012 16:00,96.57
8/29/2012 16:00,97.11
8/30/2012 16:00,98.59
8/31/2012 16:00,97.87
9/4/2012 16:00,98.15
9/5/2012 16:00,98.22
9/6/2012 16:00,99.98
9/7/2012 16:00,99.72
9/10/2012 16:00,100.45
9/11/2012 16:00,99.52
9/12/2012 16:00,100.89
9/13/2012 16:00,102.75
9/14/2012 16:00,102.19
9/17/2012 16:00,102.25
9/18/2012 16:00,101.99
9/19/2012 16:00,101.88
9/20/2012 16:00,102.64
9/21/2012 16:00,102.36
9/24/2012 16:00,102.61
9/25/2012 16:00,101.44
9/26/2012 16:00,101
9/27/2012 16:00,100.3
9/28/2012 16:00,100.16
10/1/2012 16:00,100.51
10/2/2012 16:00,99.49
10/3/2012 16:00,99.62
10/4/2012 16:00,101.48
10/5/2012 16:00,101.79
10/8/2012 16:00,101.35
10/9/2012 16:00,99.64
10/10/2012 16:00,101.56
10/11/2012 16:00,98.32
10/12/2012 16:00,97.55
10/15/2012 16:00,96.51
10/16/2012 16:00,97
10/17/2012 16:00,96.78
10/18/2012 16:00,96.33
10/19/2012 16:00,94.78
10/22/2012 16:00,95
10/23/2012 16:00,95.18
10/24/2012 16:00,95.62
10/25/2012 16:00,96.62
10/26/2012 16:00,96.94
10/31/2012 16:00,98.43
11/1/2012 16:00,97.13
11/2/2012 16:00,96.12
11/5/2012 16:00,97.73
11/6/2012 16:00,98.79
11/7/2012 16:00,97.3
11/8/2012 16:00,94.74
11/9/2012 16:00,95.46
11/12/2012 16:00,95.98
11/13/2012 16:00,95.69
11/14/2012 16:00,94.47
11/15/2012 16:00,95.7
11/16/2012 16:00,95.69
11/19/2012 16:00,96.57
11/20/2012 16:00,97.12
11/21/2012 16:00,96.74
11/23/2012 16:00,97.92
11/26/2012 16:00,96.26
11/27/2012 16:00,96.51
11/28/2012 16:00,102.58
11/29/2012 16:00,101.88
11/30/2012 16:00,103.92
12/3/2012 16:00,104.59
12/4/2012 16:00,104.4
12/5/2012 16:00,105.95
12/6/2012 16:00,98.47
12/7/2012 16:00,98.56
12/10/2012 16:00,98.95
12/11/2012 16:00,98.31
12/12/2012 16:00,97.72
12/13/2012 16:00,97.85
12/14/2012 16:00,96.92
12/17/2012 16:00,98.78
12/18/2012 16:00,99.86
12/19/2012 16:00,98.68
12/20/2012 16:00,99.2
12/21/2012 16:00,99.49
12/24/2012 16:00,99.44
12/26/2012 16:00,98.68
12/27/2012 16:00,97.92
12/28/2012 16:00,96.97
12/31/2012 16:00,98.73
1/2/2013 16:00,101.45
1/3/2013 16:00,102.49
1/4/2013 16:00,102.16
1/7/2013 16:00,101.37
1/8/2013 16:00,101.18
1/9/2013 16:00,101.23
1/10/2013 16:00,100.74
1/11/2013 16:00,100.28
1/14/2013 16:00,100.37
1/15/2013 16:00,101.15
1/16/2013 16:00,101.53
1/17/2013 16:00,100.96
1/18/2013 16:00,101.2
1/22/2013 16:00,102.15
1/23/2013 16:00,102.12
1/24/2013 16:00,102.89
1/25/2013 16:00,102.36
1/28/2013 16:00,102.49
1/29/2013 16:00,103.36
1/30/2013 16:00,102.53
1/31/2013 16:00,102.34
2/1/2013 16:00,104.15
2/4/2013 16:00,102.48
2/5/2013 16:00,103.31
2/6/2013 16:00,101.7
2/7/2013 16:00,101.85
2/8/2013 16:00,102.79
2/11/2013 16:00,101.99
2/12/2013 16:00,101.76
2/13/2013 16:00,101.63
2/14/2013 16:00,102.02
2/15/2013 16:00,102.17
2/19/2013 16:00,101.9
2/20/2013 16:00,101.08
2/21/2013 16:00,100.69
2/22/2013 16:00,101.16
2/25/2013 16:00,100.09
2/26/2013 16:00,99.45
2/27/2013 16:00,100.73
2/28/2013 16:00,101.29
3/1/2013 16:00,101.42
3/4/2013 16:00,103.43
3/5/2013 16:00,103.15
3/6/2013 16:00,102.56
3/7/2013 16:00,101.97
3/8/2013 16:00,103.04
3/11/2013 16:00,102.44
3/12/2013 16:00,103.75
3/13/2013 16:00,103.42
3/14/2013 16:00,102.91
3/15/2013 16:00,101.75
3/18/2013 16:00,101.68
3/19/2013 16:00,102.12
3/20/2013 16:00,103.08
3/21/2013 16:00,103.52
3/22/2013 16:00,105.11
3/25/2013 16:00,105.47
3/26/2013 16:00,105.97
3/27/2013 16:00,106.64
3/28/2013 16:00,106.11
4/1/2013 16:00,105.81
4/2/2013 16:00,107.68
4/3/2013 16:00,106.36
4/4/2013 16:00,106.36
4/5/2013 16:00,105.8
4/8/2013 16:00,107.04
4/9/2013 16:00,105.79
4/10/2013 16:00,105.75
4/11/2013 16:00,106.01
4/12/2013 16:00,106.13
4/15/2013 16:00,104.21
4/16/2013 16:00,105.55
4/17/2013 16:00,104.77
4/18/2013 16:00,103.61
4/19/2013 16:00,104.45
4/22/2013 16:00,105.16
4/23/2013 16:00,107.25
4/24/2013 16:00,107.83
4/25/2013 16:00,109.13
4/26/2013 16:00,109.27
4/29/2013 16:00,108.63
4/30/2013 16:00,108.43
5/1/2013 16:00,108.22
5/2/2013 16:00,108.69
5/3/2013 16:00,109.75
5/6/2013 16:00,109.09
5/7/2013 16:00,109.71
5/8/2013 16:00,109.61
5/9/2013 16:00,109.14
5/10/2013 16:00,109.99
5/13/2013 16:00,110.01
5/14/2013 16:00,111.39
5/15/2013 16:00,112.82
5/16/2013 16:00,111.51
5/17/2013 16:00,113.05
5/20/2013 16:00,112.02
5/21/2013 16:00,113.48
5/22/2013 16:00,113.38
5/23/2013 16:00,113.19
5/24/2013 16:00,114.39
5/28/2013 16:00,114.83
5/29/2013 16:00,112.95
5/30/2013 16:00,111.88
5/31/2013 16:00,109.63
6/3/2013 16:00,110.88
6/4/2013 16:00,110.66
6/5/2013 16:00,109.17
6/6/2013 16:00,111.09
6/7/2013 16:00,110.58
6/10/2013 16:00,110.31
6/11/2013 16:00,110.02
6/12/2013 16:00,109.4
6/13/2013 16:00,110.88
6/14/2013 16:00,111
6/17/2013 16:00,111.7
6/18/2013 16:00,112.09
6/19/2013 16:00,110.19
6/20/2013 16:00,107.56
6/21/2013 16:00,108.65
6/24/2013 16:00,109.64
6/25/2013 16:00,110.25
6/26/2013 16:00,111.18
6/27/2013 16:00,111.49
6/28/2013 16:00,110.57
7/1/2013 16:00,110.43
7/2/2013 16:00,110.85
7/3/2013 16:00,110.91
7/5/2013 16:00,111.76
7/8/2013 16:00,112.62
7/9/2013 16:00,113.35
7/10/2013 16:00,113.65
7/11/2013 16:00,115.9
7/12/2013 16:00,116.46
7/15/2013 16:00,115.89
7/16/2013 16:00,116.53
7/17/2013 16:00,117.4
7/18/2013 16:00,117.06
7/19/2013 16:00,118.07
7/22/2013 16:00,118.05
7/23/2013 16:00,119.1
7/24/2013 16:00,117.9
7/25/2013 16:00,117.45
7/26/2013 16:00,116.57
7/29/2013 16:00,117.14
7/30/2013 16:00,116.93
7/31/2013 16:00,117.42
8/1/2013 16:00,118.34
8/2/2013 16:00,119.37
8/5/2013 16:00,120.07
8/6/2013 16:00,119.5
8/7/2013 16:00,119.34
8/8/2013 16:00,117.39
8/9/2013 16:00,115.63
8/12/2013 16:00,115.73
8/13/2013 16:00,115.65
8/14/2013 16:00,113.78
8/15/2013 16:00,111.79
8/16/2013 16:00,111.9
8/19/2013 16:00,112.08
8/20/2013 16:00,112.84
8/21/2013 16:00,111.96
8/22/2013 16:00,112.24
8/23/2013 16:00,113.07
8/26/2013 16:00,111.87
8/27/2013 16:00,111.67
8/28/2013 16:00,110.46
8/29/2013 16:00,111.39
8/30/2013 16:00,111.87
9/3/2013 16:00,111.98
9/4/2013 16:00,111.5
9/5/2013 16:00,114.62
9/6/2013 16:00,114.35
9/9/2013 16:00,115.35
9/10/2013 16:00,117.32
9/11/2013 16:00,119.25
9/12/2013 16:00,118.19
9/13/2013 16:00,117.03
9/16/2013 16:00,117.35
9/17/2013 16:00,117.91
9/18/2013 16:00,118.64
9/19/2013 16:00,119.2
9/20/2013 16:00,117.94
9/23/2013 16:00,117.57
9/24/2013 16:00,116.34
9/25/2013 16:00,115.41
9/26/2013 16:00,116.4
9/27/2013 16:00,115.72
9/30/2013 16:00,115.17
10/1/2013 16:00,115
10/2/2013 16:00,114.82
10/3/2013 16:00,114.42
10/4/2013 16:00,114.44
10/7/2013 16:00,113.41
10/8/2013 16:00,112.21
10/9/2013 16:00,114.59
10/10/2013 16:00,115.7
10/11/2013 16:00,115.9
10/14/2013 16:00,116.26
10/15/2013 16:00,115.36
10/16/2013 16:00,117.36
10/17/2013 16:00,118.26
10/18/2013 16:00,117.64
10/21/2013 16:00,117.38
10/22/2013 16:00,117.81
10/23/2013 16:00,117.16
10/24/2013 16:00,116.24
10/25/2013 16:00,116.44
10/28/2013 16:00,117.35
10/29/2013 16:00,118.75
10/30/2013 16:00,117.76
10/31/2013 16:00,118
11/1/2013 16:00,119.62
11/4/2013 16:00,120.34
11/5/2013 16:00,120.13
11/6/2013 16:00,124.07
11/7/2013 16:00,122.78
11/8/2013 16:00,122.78
11/11/2013 16:00,123.02
11/12/2013 16:00,122.45
11/13/2013 16:00,123.17
11/14/2013 16:00,123.74
11/15/2013 16:00,124.29
11/18/2013 16:00,123.31
11/19/2013 16:00,123.63
11/20/2013 16:00,122.76
11/21/2013 16:00,123.89
11/22/2013 16:00,125.21
11/25/2013 16:00,125.17
11/26/2013 16:00,125.18
11/27/2013 16:00,125.38
11/29/2013 16:00,125.43
12/2/2013 16:00,123.69
12/3/2013 16:00,123.82
12/4/2013 16:00,122.97
12/5/2013 16:00,120.95
12/6/2013 16:00,122.06
12/9/2013 16:00,121.66
12/10/2013 16:00,120.04
12/11/2013 16:00,118.57
12/12/2013 16:00,118.22
12/13/2013 16:00,117.91
12/16/2013 16:00,118
12/17/2013 16:00,117.55
12/18/2013 16:00,118.5
12/19/2013 16:00,117.99
12/20/2013 16:00,118.53
12/23/2013 16:00,118.69
12/24/2013 16:00,118.69
12/26/2013 16:00,118.63
12/27/2013 16:00,118.53
12/30/2013 16:00,118.77
12/31/2013 16:00,119.02
1/2/2014 16:00,117.81
1/3/2014 16:00,117.29
1/6/2014 16:00,116.4
1/7/2014 16:00,115.86
1/8/2014 16:00,114.05
1/9/2014 16:00,118.51
1/10/2014 16:00,117.85
1/13/2014 16:00,114.77
1/14/2014 16:00,116.23
1/15/2014 16:00,116.24
1/16/2014 16:00,115.56
1/17/2014 16:00,116.29
1/21/2014 16:00,114.93
1/22/2014 16:00,113.75
1/23/2014 16:00,112.8
1/24/2014 16:00,112.13
1/27/2014 16:00,113.08
1/28/2014 16:00,114.38
1/29/2014 16:00,112.23
1/30/2014 16:00,112.73
1/31/2014 16:00,112.36
2/3/2014 16:00,110.18
2/4/2014 16:00,110.89
2/5/2014 16:00,110.51
2/6/2014 16:00,114.26
2/7/2014 16:00,114.04
2/10/2014 16:00,113.85
2/11/2014 16:00,114.99
2/12/2014 16:00,114.81
2/13/2014 16:00,115.81
2/14/2014 16:00,116.1
2/18/2014 16:00,115.36
2/19/2014 16:00,114.91
2/20/2014 16:00,115.06
2/21/2014 16:00,113.19
2/24/2014 16:00,113.94
2/25/2014 16:00,115.46
2/26/2014 16:00,115.88
2/27/2014 16:00,116.22
2/28/2014 16:00,116.8
3/3/2014 16:00,115.75
3/4/2014 16:00,116.65
3/5/2014 16:00,116.47
3/6/2014 16:00,113.26
3/7/2014 16:00,113.5
3/10/2014 16:00,114.59
3/11/2014 16:00,114.71
3/12/2014 16:00,115.21
3/13/2014 16:00,114.41
3/14/2014 16:00,113.45
3/17/2014 16:00,113.46
3/18/2014 16:00,113.85
3/19/2014 16:00,112.85
3/20/2014 16:00,113.16
3/21/2014 16:00,113.83
3/24/2014 16:00,113.37
3/25/2014 16:00,113.93
3/26/2014 16:00,112.49
3/27/2014 16:00,112.03
3/28/2014 16:00,111.66
3/31/2014 16:00,111.68
4/1/2014 16:00,111.86
4/2/2014 16:00,111.55
4/3/2014 16:00,111.7
4/4/2014 16:00,110.65
4/7/2014 16:00,110.79
4/8/2014 16:00,112.66
4/9/2014 16:00,113.05
4/10/2014 16:00,112.08
4/11/2014 16:00,112.08
4/14/2014 16:00,112.56
4/15/2014 16:00,112.06
4/16/2014 16:00,113.49
4/17/2014 16:00,113.5
4/21/2014 16:00,114.1
4/22/2014 16:00,113.56
4/23/2014 16:00,114.79
4/24/2014 16:00,115.03
4/25/2014 16:00,115.01
4/28/2014 16:00,115.59
4/29/2014 16:00,115.4
4/30/2014 16:00,115.68
5/1/2014 16:00,115.56
5/2/2014 16:00,115.15
5/5/2014 16:00,114.49
5/6/2014 16:00,112.83
5/7/2014 16:00,111.98
5/8/2014 16:00,114.73
5/9/2014 16:00,115.39
5/12/2014 16:00,116.51
5/13/2014 16:00,116.29
5/14/2014 16:00,115.13
5/15/2014 16:00,114.35
5/16/2014 16:00,115.61
5/19/2014 16:00,116.37
5/20/2014 16:00,115.13
5/21/2014 16:00,114.52
5/22/2014 16:00,114.73
5/23/2014 16:00,114.94
5/27/2014 16:00,113.87
5/28/2014 16:00,114.24
5/29/2014 16:00,114.14
5/30/2014 16:00,116.02
6/2/2014 16:00,115.68
6/3/2014 16:00,115.51
6/4/2014 16:00,116.31
6/5/2014 16:00,117.75
6/6/2014 16:00,118.23
6/9/2014 16:00,117.78
6/10/2014 16:00,117.1
6/11/2014 16:00,116.24
6/12/2014 16:00,115.44
6/13/2014 16:00,115.3
6/16/2014 16:00,115.43
6/17/2014 16:00,115.45
6/18/2014 16:00,116.27
6/19/2014 16:00,116.26
6/20/2014 16:00,115.36
6/23/2014 16:00,115.22
6/24/2014 16:00,116.31
6/25/2014 16:00,116.27
6/26/2014 16:00,115.64
6/27/2014 16:00,115.49
6/30/2014 16:00,115.16
7/1/2014 16:00,115.44
7/2/2014 16:00,115.75
7/3/2014 16:00,116.35
7/7/2014 16:00,116.32
7/8/2014 16:00,117.46
7/9/2014 16:00,117.92
7/10/2014 16:00,118.08
7/11/2014 16:00,118.01
7/14/2014 16:00,117.36
7/15/2014 16:00,117.82
7/16/2014 16:00,117.85
7/17/2014 16:00,116.79
7/18/2014 16:00,117.74
7/21/2014 16:00,117.04
7/22/2014 16:00,117.55
7/23/2014 16:00,117.59
7/24/2014 16:00,118.14
7/25/2014 16:00,117.55
7/28/2014 16:00,117.12
7/29/2014 16:00,118.9
7/30/2014 16:00,118.18
7/31/2014 16:00,117.54
8/1/2014 16:00,117.88
8/4/2014 16:00,118.15
8/5/2014 16:00,118.05
8/6/2014 16:00,119.59
8/7/2014 16:00,117.8
8/8/2014 16:00,119.16
8/11/2014 16:00,119.18
8/12/2014 16:00,119.01
8/13/2014 16:00,118.64
8/14/2014 16:00,119.26
8/15/2014 16:00,118.57
8/18/2014 16:00,119.46
8/19/2014 16:00,120.61
8/20/2014 16:00,120.91
8/21/2014 16:00,121.62
8/22/2014 16:00,121.29
8/25/2014 16:00,121.39
8/26/2014 16:00,121.09
8/27/2014 16:00,121.24
8/28/2014 16:00,120.97
8/29/2014 16:00,121.08
9/2/2014 16:00,121.56
9/3/2014 16:00,121.35
9/4/2014 16:00,125.15
9/5/2014 16:00,127.01
9/8/2014 16:00,126.6
9/9/2014 16:00,126.11
9/10/2014 16:00,126.17
9/11/2014 16:00,125.94
9/12/2014 16:00,125.37
9/15/2014 16:00,125.71
9/16/2014 16:00,126.43
9/17/2014 16:00,126.01
9/18/2014 16:00,126.48
9/19/2014 16:00,126.5
9/22/2014 16:00,125.83
9/23/2014 16:00,125.51
9/24/2014 16:00,127.62
9/25/2014 16:00,125.66
9/26/2014 16:00,125.54
9/29/2014 16:00,125.32
9/30/2014 16:00,125.32
10/1/2014 16:00,124.76
10/2/2014 16:00,125.79
10/3/2014 16:00,127.09
10/6/2014 16:00,126.21
10/7/2014 16:00,125.27
10/8/2014 16:00,128.73
10/9/2014 16:00,128.41
10/10/2014 16:00,128.9
10/13/2014 16:00,126.97
10/14/2014 16:00,126.25
10/15/2014 16:00,124.3
10/16/2014 16:00,122.95
10/17/2014 16:00,124.65
10/20/2014 16:00,128.42
10/21/2014 16:00,130.28
10/22/2014 16:00,130.54
10/23/2014 16:00,130.59
10/24/2014 16:00,130.44
10/27/2014 16:00,130.92
10/28/2014 16:00,131.06
10/29/2014 16:00,131.93
10/30/2014 16:00,133
10/31/2014 16:00,133.37
11/3/2014 16:00,134.27
11/4/2014 16:00,136.55
11/5/2014 16:00,136.5
11/6/2014 16:00,137.09
11/7/2014 16:00,137.71
11/10/2014 16:00,137.69
11/11/2014 16:00,137.05
11/12/2014 16:00,136.9
11/13/2014 16:00,138.71
11/14/2014 16:00,138.48
11/17/2014 16:00,138.47
11/18/2014 16:00,139.21
11/19/2014 16:00,140.01
11/20/2014 16:00,139.25
11/21/2014 16:00,139.72
11/24/2014 16:00,139.8
11/25/2014 16:00,138.87
11/26/2014 16:00,139.75
11/28/2014 16:00,142.12
12/1/2014 16:00,141.98
12/2/2014 16:00,143.06
12/3/2014 16:00,142.69
12/4/2014 16:00,143.02
12/5/2014 16:00,143.25
12/8/2014 16:00,142.33
12/9/2014 16:00,143.04
12/10/2014 16:00,140.25
12/11/2014 16:00,141.41
12/12/2014 16:00,137.88
12/15/2014 16:00,138.19
12/16/2014 16:00,137.31
12/17/2014 16:00,139.33
12/18/2014 16:00,141.56
12/19/2014 16:00,141.77
12/22/2014 16:00,143.21
12/23/2014 16:00,144.15
12/24/2014 16:00,143.65
12/26/2014 16:00,143.44
12/29/2014 16:00,143.34
12/30/2014 16:00,143.49
12/31/2014 16:00,141.75
1/2/2015 16:00,141.61
1/5/2015 16:00,140
1/6/2015 16:00,141.85
1/7/2015 16:00,144.32
1/8/2015 16:00,145.56
1/9/2015 16:00,143.32
1/12/2015 16:00,142.52
1/13/2015 16:00,141.09
1/14/2015 16:00,139.31
1/15/2015 16:00,139.31
1/16/2015 16:00,139.72
1/20/2015 16:00,139.38
1/21/2015 16:00,139.14
1/22/2015 16:00,141.27
1/23/2015 16:00,142.05
1/26/2015 16:00,142.91
1/27/2015 16:00,140.99
1/28/2015 16:00,139.62
1/29/2015 16:00,140.64
1/30/2015 16:00,142.99
2/2/2015 16:00,146
2/3/2015 16:00,153.75
2/4/2015 16:00,155.92
2/5/2015 16:00,149.09
2/6/2015 16:00,148.7
2/9/2015 16:00,147.54
2/10/2015 16:00,148.22
2/11/2015 16:00,147.46
2/12/2015 16:00,147.76
2/13/2015 16:00,147.1
2/17/2015 16:00,147.53
2/18/2015 16:00,147.23
2/19/2015 16:00,146.67
2/20/2015 16:00,147.54
2/23/2015 16:00,148.39
2/24/2015 16:00,148.21
2/25/2015 16:00,147.48
2/26/2015 16:00,146.65
2/27/2015 16:00,146.96
3/2/2015 16:00,147.94
3/3/2015 16:00,147.37
3/4/2015 16:00,147.17
3/5/2015 16:00,151.17
3/6/2015 16:00,149.54
3/9/2015 16:00,150.68
3/10/2015 16:00,148.16
3/11/2015 16:00,147.4
3/12/2015 16:00,149.44
3/13/2015 16:00,149.28
3/16/2015 16:00,149.99
3/17/2015 16:00,150.03
3/18/2015 16:00,150.93
3/19/2015 16:00,151.31
3/20/2015 16:00,152.59
3/23/2015 16:00,152.93
3/24/2015 16:00,153.14
3/25/2015 16:00,151.09
3/26/2015 16:00,150.06
3/27/2015 16:00,150.47
3/30/2015 16:00,152.37
3/31/2015 16:00,151.5
4/1/2015 16:00,150.24
4/2/2015 16:00,151.63
4/6/2015 16:00,152.5
4/7/2015 16:00,151.78
4/8/2015 16:00,152
4/9/2015 16:00,148.81
4/10/2015 16:00,149.64
4/13/2015 16:00,149.02
4/14/2015 16:00,149.52
4/15/2015 16:00,149.07
4/16/2015 16:00,147.11
4/17/2015 16:00,144.57
4/20/2015 16:00,146.31
4/21/2015 16:00,147.34
4/22/2015 16:00,146.98
4/23/2015 16:00,147.3
4/24/2015 16:00,148.12
4/27/2015 16:00,146.96
4/28/2015 16:00,146.61
4/29/2015 16:00,144.46
4/30/2015 16:00,143.05
5/1/2015 16:00,145.39
5/4/2015 16:00,145.75
5/5/2015 16:00,144.5
5/6/2015 16:00,144.77
5/7/2015 16:00,144.56
5/8/2015 16:00,145.88
5/11/2015 16:00,144.27
5/12/2015 16:00,144.07
5/13/2015 16:00,143.24
5/14/2015 16:00,142.6
5/15/2015 16:00,144.83
5/18/2015 16:00,145.06
5/19/2015 16:00,144.74
5/20/2015 16:00,143.49
5/21/2015 16:00,143.94
5/22/2015 16:00,143.68
5/26/2015 16:00,143.25
5/27/2015 16:00,145.42
5/28/2015 16:00,144.26
5/29/2015 16:00,142.59
6/1/2015 16:00,142.39
6/2/2015 16:00,141.4
6/3/2015 16:00,142.13
6/4/2015 16:00,140.65
6/5/2015 16:00,138.78
6/8/2015 16:00,138.05
6/9/2015 16:00,138.04
6/10/2015 16:00,139.43
6/11/2015 16:00,139.32
6/12/2015 16:00,138.78
6/15/2015 16:00,137.23
6/16/2015 16:00,137.98
6/17/2015 16:00,138.88
6/18/2015 16:00,140.5
6/19/2015 16:00,140.3
6/22/2015 16:00,140.19
6/23/2015 16:00,139.65
6/24/2015 16:00,138.34
6/25/2015 16:00,137.45
6/26/2015 16:00,138.06
6/29/2015 16:00,135.69
6/30/2015 16:00,135.06
7/1/2015 16:00,136.49
7/2/2015 16:00,136.39
7/6/2015 16:00,135.88
7/7/2015 16:00,140.5
7/8/2015 16:00,139.9
7/9/2015 16:00,139.45
7/10/2015 16:00,142.72
7/13/2015 16:00,144.06
7/14/2015 16:00,143.93
7/15/2015 16:00,143.63
7/16/2015 16:00,144.33
7/17/2015 16:00,144.68
7/20/2015 16:00,145.04
7/21/2015 16:00,144.94
7/22/2015 16:00,146.38
7/23/2015 16:00,145.6
7/24/2015 16:00,144.99
7/27/2015 16:00,144.25
7/28/2015 16:00,144.55
7/29/2015 16:00,145.38
7/30/2015 16:00,145.3
7/31/2015 16:00,145.3
8/3/2015 16:00,145.52
8/4/2015 16:00,144.84
8/5/2015 16:00,146.89
8/6/2015 16:00,146.44
8/7/2015 16:00,145.26
8/10/2015 16:00,146.25
8/11/2015 16:00,145.89
8/12/2015 16:00,146.49
8/13/2015 16:00,145.27
8/14/2015 16:00,146.09
8/17/2015 16:00,146.09
8/18/2015 16:00,145.63
8/19/2015 16:00,145.17
8/20/2015 16:00,143.71
8/21/2015 16:00,138.99
8/24/2015 16:00,132.97
8/25/2015 16:00,132.71
8/26/2015 16:00,138.16
8/27/2015 16:00,140.21
8/28/2015 16:00,139.95
8/31/2015 16:00,140.05
9/1/2015 16:00,138.3
9/2/2015 16:00,140.42
9/3/2015 16:00,140.48
9/4/2015 16:00,138.48
9/8/2015 16:00,141.43
9/9/2015 16:00,139.68
9/10/2015 16:00,140.01
9/11/2015 16:00,141.05
9/14/2015 16:00,141.15
9/15/2015 16:00,142.43
9/16/2015 16:00,143.61
9/17/2015 16:00,143.35
9/18/2015 16:00,141.81
9/21/2015 16:00,143.21
9/22/2015 16:00,142.65
9/23/2015 16:00,145.43
9/24/2015 16:00,144.87
9/25/2015 16:00,145.55
9/28/2015 16:00,143.55
9/29/2015 16:00,143.72
9/30/2015 16:00,144.57
10/1/2015 16:00,144.56
10/2/2015 16:00,145.86
10/5/2015 16:00,148.07
10/6/2015 16:00,148.41
10/7/2015 16:00,147.96
10/8/2015 16:00,151.66
10/9/2015 16:00,153.97
10/12/2015 16:00,153.63
10/13/2015 16:00,152.28
10/14/2015 16:00,149.84
10/15/2015 16:00,151.77
10/16/2015 16:00,152.06
10/19/2015 16:00,153.22
10/20/2015 16:00,154.56
10/21/2015 16:00,155.21
10/22/2015 16:00,158.15
10/23/2015 16:00,155.74
10/26/2015 16:00,156.73
10/27/2015 16:00,157.76
10/28/2015 16:00,157.76
10/29/2015 16:00,158.28
10/30/2015 16:00,158.12
11/2/2015 16:00,159.15
11/3/2015 16:00,158.8
11/4/2015 16:00,157.15
11/5/2015 16:00,156.27
11/6/2015 16:00,157.55
11/9/2015 16:00,155.16
11/10/2015 16:00,156.41
11/11/2015 16:00,156.39
11/12/2015 16:00,156
11/13/2015 16:00,153.67
11/16/2015 16:00,156.45
11/17/2015 16:00,158.89
11/18/2015 16:00,161.25
11/19/2015 16:00,162.83
11/20/2015 16:00,163.1
11/23/2015 16:00,163.45
11/24/2015 16:00,162.19
11/25/2015 16:00,162.39
11/27/2015 16:00,163.58
11/30/2015 16:00,161.42
12/1/2015 16:00,161.29
12/2/2015 16:00,161.09
12/3/2015 16:00,163.67
12/4/2015 16:00,166.8
12/7/2015 16:00,167.12
12/8/2015 16:00,168.87
12/9/2015 16:00,159.72
12/10/2015 16:00,161.86
12/11/2015 16:00,160.02
12/14/2015 16:00,161.84
12/15/2015 16:00,161.29
12/16/2015 16:00,162.76
12/17/2015 16:00,160.68
12/18/2015 16:00,157.7
12/21/2015 16:00,159.39
12/22/2015 16:00,161.23
12/23/2015 16:00,161.71
12/24/2015 16:00,161.75
12/28/2015 16:00,161.16
12/29/2015 16:00,162.66
12/30/2015 16:00,162.71
12/31/2015 16:00,161.5
1/4/2016 16:00,159.54
1/5/2016 16:00,159.93
1/6/2016 16:00,158.45
1/7/2016 16:00,154.82
1/8/2016 16:00,152.11
1/11/2016 16:00,154.72
1/12/2016 16:00,156.06
1/13/2016 16:00,152.12
1/14/2016 16:00,153.18
1/15/2016 16:00,150.39
1/19/2016 16:00,150.47
1/20/2016 16:00,148.82
1/21/2016 16:00,150.38
1/22/2016 16:00,153.69
1/25/2016 16:00,150.78
1/26/2016 16:00,148.5
1/27/2016 16:00,147.73
1/28/2016 16:00,149.59
1/29/2016 16:00,151.12
2/1/2016 16:00,151.25
2/2/2016 16:00,148.5
2/3/2016 16:00,146.7
2/4/2016 16:00,143.28
2/5/2016 16:00,143.99
2/8/2016 16:00,147.02
2/9/2016 16:00,147.94
2/10/2016 16:00,148.05
2/11/2016 16:00,146.65
2/12/2016 16:00,148.65
2/16/2016 16:00,149.11
2/17/2016 16:00,150.91
2/18/2016 16:00,148.65
2/19/2016 16:00,148.7
2/22/2016 16:00,150.06
2/23/2016 16:00,150.36
2/24/2016 16:00,153.87
2/25/2016 16:00,154.72
2/26/2016 16:00,149.68
2/29/2016 16:00,150.03
3/1/2016 16:00,150.52
3/2/2016 16:00,152.79
3/3/2016 16:00,151.6
3/4/2016 16:00,150.9
3/7/2016 16:00,148.17
3/8/2016 16:00,150.95
3/9/2016 16:00,153.05
3/10/2016 16:00,152.87
3/11/2016 16:00,152.71
3/14/2016 16:00,152.67
3/15/2016 16:00,154.18
3/16/2016 16:00,154.06
3/17/2016 16:00,153.84
3/18/2016 16:00,153.15
3/21/2016 16:00,153.94
3/22/2016 16:00,152.23
3/23/2016 16:00,153.51
3/24/2016 16:00,151.43
3/28/2016 16:00,152.67
3/29/2016 16:00,155.26
3/30/2016 16:00,157.6
3/31/2016 16:00,157.58
4/1/2016 16:00,158.25
4/4/2016 16:00,157.73
4/5/2016 16:00,155.99
4/6/2016 16:00,156.77
4/7/2016 16:00,152.03
4/8/2016 16:00,151.65
4/11/2016 16:00,149.05
4/12/2016 16:00,150.52
4/13/2016 16:00,151.88
4/14/2016 16:00,151.4
4/15/2016 16:00,153.17
4/18/2016 16:00,153.3
4/19/2016 16:00,153.68
4/20/2016 16:00,152.74
4/21/2016 16:00,151.42
4/22/2016 16:00,149.92
4/25/2016 16:00,151.51
4/26/2016 16:00,152.6
4/27/2016 16:00,151.77
4/28/2016 16:00,151.44
4/29/2016 16:00,148.13
5/2/2016 16:00,150.93
5/3/2016 16:00,151.41
5/4/2016 16:00,151.51
5/5/2016 16:00,147.84
5/6/2016 16:00,146.44
5/9/2016 16:00,148.59
5/10/2016 16:00,149.56
5/11/2016 16:00,147.12
5/12/2016 16:00,146.72
5/13/2016 16:00,144.5
5/16/2016 16:00,145.79
5/17/2016 16:00,143.6
5/18/2016 16:00,141.29
5/19/2016 16:00,142.7
5/20/2016 16:00,142.69
5/23/2016 16:00,142.01
5/24/2016 16:00,142.57
5/25/2016 16:00,144.54
5/26/2016 16:00,149.71
5/27/2016 16:00,149.08
5/31/2016 16:00,148.77
6/1/2016 16:00,152.52
6/2/2016 16:00,151.51
6/3/2016 16:00,151.71
6/6/2016 16:00,152.24
6/7/2016 16:00,152.62
6/8/2016 16:00,153.37
6/9/2016 16:00,154.05
6/10/2016 16:00,154.87
6/13/2016 16:00,154.95
6/14/2016 16:00,155.87
6/15/2016 16:00,154.86
6/16/2016 16:00,156.42
6/17/2016 16:00,155.89
6/20/2016 16:00,156.48
6/21/2016 16:00,157.2
6/22/2016 16:00,158.12
6/23/2016 16:00,157.03
6/24/2016 16:00,155.56
6/27/2016 16:00,154.26
6/28/2016 16:00,155.6
6/29/2016 16:00,157.08
6/30/2016 16:00,157.04
7/1/2016 16:00,156.11
7/5/2016 16:00,155.25
7/6/2016 16:00,156.01
7/7/2016 16:00,163.7
7/8/2016 16:00,165.44
7/11/2016 16:00,166.72
7/12/2016 16:00,166.28
7/13/2016 16:00,166.78
7/14/2016 16:00,166.94
7/15/2016 16:00,166.41
7/18/2016 16:00,167.51
7/19/2016 16:00,168.12
7/20/2016 16:00,168.04
7/21/2016 16:00,167.05
7/22/2016 16:00,167.47
7/25/2016 16:00,167.97
7/26/2016 16:00,167.57
7/27/2016 16:00,166.15
7/28/2016 16:00,166.35
7/29/2016 16:00,167.22
8/1/2016 16:00,167.56
8/2/2016 16:00,166.5
8/3/2016 16:00,166.12
8/4/2016 16:00,166.55
8/5/2016 16:00,167.7
8/8/2016 16:00,167.4
8/9/2016 16:00,167.86
8/10/2016 16:00,168.29
8/11/2016 16:00,167.88
8/12/2016 16:00,169.04
8/15/2016 16:00,168.73
8/16/2016 16:00,168.41
8/17/2016 16:00,167.96
8/18/2016 16:00,167.75
8/19/2016 16:00,168.02
8/22/2016 16:00,167.94
8/23/2016 16:00,167.36
8/24/2016 16:00,167.57
8/25/2016 16:00,164.86
8/26/2016 16:00,163.93
8/29/2016 16:00,163.98
8/30/2016 16:00,161.96
8/31/2016 16:00,162.09
9/1/2016 16:00,156.21
9/2/2016 16:00,157.98
9/6/2016 16:00,158.06
9/7/2016 16:00,155.64
9/8/2016 16:00,153.47
9/9/2016 16:00,150.7
9/12/2016 16:00,151.69
9/13/2016 16:00,150.74
9/14/2016 16:00,150.69
9/15/2016 16:00,152.67
9/16/2016 16:00,152.35
9/19/2016 16:00,151.79
9/20/2016 16:00,152.17
9/21/2016 16:00,152.7
9/22/2016 16:00,153.15
9/23/2016 16:00,152.53
9/26/2016 16:00,151.19
9/27/2016 16:00,150.45
9/28/2016 16:00,149.41
9/29/2016 16:00,147.49
9/30/2016 16:00,152.51
10/3/2016 16:00,151.01
10/4/2016 16:00,150.48
10/5/2016 16:00,149.98
10/6/2016 16:00,149.47
10/7/2016 16:00,149.99
10/10/2016 16:00,150.28
10/11/2016 16:00,151.01
10/12/2016 16:00,150.46
10/13/2016 16:00,150.22
10/14/2016 16:00,150.15
10/17/2016 16:00,148.7
10/18/2016 16:00,149.11
10/19/2016 16:00,149.45
10/20/2016 16:00,150.04
10/21/2016 16:00,148.97
10/24/2016 16:00,152.12
10/25/2016 16:00,150.99
10/26/2016 16:00,150.98
10/27/2016 16:00,150.86
10/28/2016 16:00,149.76
10/31/2016 16:00,147.87
11/1/2016 16:00,146.66
11/2/2016 16:00,146.27
11/3/2016 16:00,144.45
11/4/2016 16:00,142.24
11/7/2016 16:00,143.54
11/8/2016 16:00,146.09
11/9/2016 16:00,146.79
11/10/2016 16:00,146.7
11/11/2016 16:00,149.36
11/14/2016 16:00,152
11/15/2016 16:00,151.15
11/16/2016 16:00,152.14
11/17/2016 16:00,151.2
11/18/2016 16:00,150.36
11/21/2016 16:00,151.17
11/22/2016 16:00,152.67
11/23/2016 16:00,151.6
11/25/2016 16:00,151.88
11/28/2016 16:00,151.25
11/29/2016 16:00,151.48
11/30/2016 16:00,150.11
12/1/2016 16:00,151.74
12/2/2016 16:00,152.09
12/5/2016 16:00,151.77
12/6/2016 16:00,151.01
12/7/2016 16:00,153.85
12/8/2016 16:00,157.59
12/9/2016 16:00,159.7
12/12/2016 16:00,160.33
12/13/2016 16:00,159.77
12/14/2016 16:00,158.99
12/15/2016 16:00,160.11
12/16/2016 16:00,160.41
12/19/2016 16:00,163.46
12/20/2016 16:00,163.86
12/21/2016 16:00,163.04
12/22/2016 16:00,162.07
12/23/2016 16:00,162.08
12/27/2016 16:00,162.05
12/28/2016 16:00,161.01
12/29/2016 16:00,161.13
12/30/2016 16:00,160.11
1/3/2017 16:00,159.73
1/4/2017 16:00,159.76
1/5/2017 16:00,162.91
1/6/2017 16:00,162.83
1/9/2017 16:00,160.97
1/10/2017 16:00,161.66
1/11/2017 16:00,161.54
1/12/2017 16:00,161.87
1/13/2017 16:00,161.86
1/17/2017 16:00,163.81
1/18/2017 16:00,164.27
1/19/2017 16:00,163.7
1/20/2017 16:00,164.24
1/23/2017 16:00,163.01
1/24/2017 16:00,163.67
1/25/2017 16:00,164.14
1/26/2017 16:00,164.07
1/27/2017 16:00,162.06
1/30/2017 16:00,163.25
1/31/2017 16:00,163.95
2/1/2017 16:00,161.86
2/2/2017 16:00,168.15
2/3/2017 16:00,168.32
2/6/2017 16:00,167.03
2/7/2017 16:00,167.52
2/8/2017 16:00,168.42
2/9/2017 16:00,170.96
2/10/2017 16:00,172
2/13/2017 16:00,171.96
2/14/2017 16:00,173.63
2/15/2017 16:00,175
2/16/2017 16:00,175.75
2/17/2017 16:00,175.86
2/21/2017 16:00,176.94
2/22/2017 16:00,176.51
2/23/2017 16:00,175.85
2/24/2017 16:00,177.56
2/27/2017 16:00,177.62
2/28/2017 16:00,177.18
3/1/2017 16:00,177.86
3/2/2017 16:00,177.98
3/3/2017 16:00,170.26
3/6/2017 16:00,166.73
3/7/2017 16:00,167
3/8/2017 16:00,166.24
3/9/2017 16:00,165.77
3/10/2017 16:00,165.37
3/13/2017 16:00,164.55
3/14/2017 16:00,165.24
3/15/2017 16:00,166.54
3/16/2017 16:00,167.06
3/17/2017 16:00,167.81
3/20/2017 16:00,167.44
3/21/2017 16:00,166.78
3/22/2017 16:00,167.68
3/23/2017 16:00,166.9
3/24/2017 16:00,166.02
3/27/2017 16:00,166.15
3/28/2017 16:00,166.77
3/29/2017 16:00,167.43
3/30/2017 16:00,167.89
3/31/2017 16:00,167.69
4/3/2017 16:00,166.7
4/4/2017 16:00,167.25
4/5/2017 16:00,167
4/6/2017 16:00,170.02
4/7/2017 16:00,170.62
4/10/2017 16:00,171.22
4/11/2017 16:00,170.63
4/12/2017 16:00,170.17
4/13/2017 16:00,168.84
4/17/2017 16:00,169.7
4/18/2017 16:00,170.13
4/19/2017 16:00,170.06
4/20/2017 16:00,170.15
4/21/2017 16:00,170.77
4/24/2017 16:00,172.33
4/25/2017 16:00,172.68
4/26/2017 16:00,176.8
4/27/2017 16:00,177.45
4/28/2017 16:00,177.52
5/1/2017 16:00,177.86
5/2/2017 16:00,178.59
5/3/2017 16:00,179.82
5/4/2017 16:00,182.45
5/5/2017 16:00,180.2
5/8/2017 16:00,172.64
5/9/2017 16:00,172.68
5/10/2017 16:00,171.35
5/11/2017 16:00,171.26
5/12/2017 16:00,170.88
5/15/2017 16:00,171.57
5/16/2017 16:00,171
5/17/2017 16:00,169.15
5/18/2017 16:00,170.72
5/19/2017 16:00,171.64
5/22/2017 16:00,172.4
5/23/2017 16:00,172.47
5/24/2017 16:00,173.01
5/25/2017 16:00,174.73
5/26/2017 16:00,177.86
5/30/2017 16:00,178.92
5/31/2017 16:00,180.43
6/1/2017 16:00,180.63
6/2/2017 16:00,180.97
6/5/2017 16:00,182.08
6/6/2017 16:00,181.45
6/7/2017 16:00,182.2
6/8/2017 16:00,181.41
6/9/2017 16:00,180.38
6/12/2017 16:00,179.64
6/13/2017 16:00,180.51
6/14/2017 16:00,181.67
6/15/2017 16:00,180.06
6/16/2017 16:00,167.11
6/19/2017 16:00,164.34
6/20/2017 16:00,162.9
6/21/2017 16:00,163.15
6/22/2017 16:00,159.79
6/23/2017 16:00,157.13
6/26/2017 16:00,160.2
6/27/2017 16:00,159.26
6/28/2017 16:00,160.17
6/29/2017 16:00,158.68
6/30/2017 16:00,159.93
7/3/2017 16:00,158.82
7/5/2017 16:00,158.02
7/6/2017 16:00,157.09
7/7/2017 16:00,154.11
7/10/2017 16:00,151
7/11/2017 16:00,151.11
7/12/2017 16:00,151.75
7/13/2017 16:00,153.6
7/14/2017 16:00,153
7/17/2017 16:00,152.84
7/18/2017 16:00,151.5
7/19/2017 16:00,151.24
7/20/2017 16:00,150.99
7/21/2017 16:00,150.44
7/24/2017 16:00,151
7/25/2017 16:00,153.17
7/26/2017 16:00,152.09
7/27/2017 16:00,152.52
7/28/2017 16:00,152.89
7/31/2017 16:00,158.51
8/1/2017 16:00,159.72
8/2/2017 16:00,161.28
8/3/2017 16:00,157.91
8/4/2017 16:00,156.44
8/7/2017 16:00,156.95
8/8/2017 16:00,157.75
8/9/2017 16:00,156.86
8/10/2017 16:00,156.64
8/11/2017 16:00,156.65
8/14/2017 16:00,157.91
8/15/2017 16:00,156.88
8/16/2017 16:00,159.76
8/17/2017 16:00,158.57
8/18/2017 16:00,157.08
8/21/2017 16:00,157.07
8/22/2017 16:00,158.7
8/23/2017 16:00,159.37
8/24/2017 16:00,151.33
8/25/2017 16:00,152.45
8/28/2017 16:00,152.55
8/29/2017 16:00,153.56
8/30/2017 16:00,154.44
8/31/2017 16:00,156.74
9/1/2017 16:00,158.24
9/5/2017 16:00,159.14
9/6/2017 16:00,158.86
9/7/2017 16:00,159.28
9/8/2017 16:00,157.31
9/11/2017 16:00,157.36
9/12/2017 16:00,160.04
9/13/2017 16:00,162.99
9/14/2017 16:00,162.37
9/15/2017 16:00,162.3
9/18/2017 16:00,160.91
9/19/2017 16:00,161.56
9/20/2017 16:00,162.85
9/21/2017 16:00,161.48
9/22/2017 16:00,161.29
9/25/2017 16:00,162.33
9/26/2017 16:00,164.07
9/27/2017 16:00,164.42
9/28/2017 16:00,163.9
9/29/2017 16:00,164.29
10/2/2017 16:00,165.89
10/3/2017 16:00,165.08
10/4/2017 16:00,165.21
10/5/2017 16:00,167.07
10/6/2017 16:00,157.09
10/9/2017 16:00,154.61
10/10/2017 16:00,156.87
10/11/2017 16:00,157.87
10/12/2017 16:00,157.22
10/13/2017 16:00,159.85
10/16/2017 16:00,158.81
10/17/2017 16:00,158.38
10/18/2017 16:00,157.55
10/19/2017 16:00,158.46
10/20/2017 16:00,160.77
10/23/2017 16:00,162.04
10/24/2017 16:00,162.29
10/25/2017 16:00,162.18
10/26/2017 16:00,162.46
10/27/2017 16:00,162.38
10/30/2017 16:00,160.23
10/31/2017 16:00,161.08
11/1/2017 16:00,162.69
11/2/2017 16:00,164.95
11/3/2017 16:00,166.44
11/6/2017 16:00,165.05
11/7/2017 16:00,166.28
11/8/2017 16:00,169.05
11/9/2017 16:00,169.11
11/10/2017 16:00,171.36
11/13/2017 16:00,171.46
11/14/2017 16:00,171.44
11/15/2017 16:00,169
11/16/2017 16:00,170.98
11/17/2017 16:00,170.98
11/20/2017 16:00,172.28
11/21/2017 16:00,173.42
11/22/2017 16:00,172.48
11/24/2017 13:00,171.62
11/27/2017 16:00,172.61
11/28/2017 16:00,173.65
11/29/2017 16:00,177.53
11/30/2017 16:00,184.43
12/1/2017 16:00,185.13
12/4/2017 16:00,189.56
12/5/2017 16:00,187.82
12/6/2017 16:00,187.22
12/7/2017 16:00,186.2
12/8/2017 16:00,188.07
12/11/2017 16:00,188.86
12/12/2017 16:00,188.3
12/13/2017 16:00,188.28
12/14/2017 16:00,186.53
12/15/2017 16:00,192.73
12/18/2017 16:00,192.31
12/19/2017 16:00,188.33
12/20/2017 16:00,187.51
12/21/2017 16:00,186.8
12/22/2017 16:00,186.63
12/26/2017 16:00,186.55
12/27/2017 16:00,186.3
12/28/2017 16:00,186.62
12/29/2017 16:00,186.12
1/2/2018 16:00,188.32
1/3/2018 16:00,190.58
1/4/2018 16:00,189.1
1/5/2018 16:00,187.75
1/8/2018 16:00,188.48
1/9/2018 16:00,186.29
1/10/2018 16:00,185.42
1/11/2018 16:00,189.38
1/12/2018 16:00,191.84
1/16/2018 16:00,191.53
1/17/2018 16:00,192.29
1/18/2018 16:00,191.51
1/19/2018 16:00,192.29
1/22/2018 16:00,194.38
1/23/2018 16:00,193.42
1/24/2018 16:00,194.24
1/25/2018 16:00,197.95
1/26/2018 16:00,198.91
1/29/2018 16:00,198.32
1/30/2018 16:00,197.91
1/31/2018 16:00,194.87
2/1/2018 16:00,193.47
2/2/2018 16:00,190.99
2/5/2018 16:00,182.77
2/6/2018 16:00,185.01
2/7/2018 16:00,183.19
2/8/2018 16:00,178.61
2/9/2018 16:00,180.72
2/12/2018 16:00,181.06
2/13/2018 16:00,184.15
2/14/2018 16:00,187.35
2/15/2018 16:00,191.48
2/16/2018 16:00,191.56
2/20/2018 16:00,188.12
2/21/2018 16:00,185.75
2/22/2018 16:00,186.59
2/23/2018 16:00,189.81
2/26/2018 16:00,192.81
2/27/2018 16:00,190.1
2/28/2018 16:00,190.9
3/1/2018 16:00,189.03
3/2/2018 16:00,189.33
3/5/2018 16:00,191.48
3/6/2018 16:00,191.46
3/7/2018 16:00,187.36
3/8/2018 16:00,185.69
3/9/2018 16:00,188.58
3/12/2018 16:00,189.37
3/13/2018 16:00,187.46
3/14/2018 16:00,184.63
3/15/2018 16:00,185.51
3/16/2018 16:00,185.87
3/19/2018 16:00,184.15
3/20/2018 16:00,187.35
3/21/2018 16:00,186.07
3/22/2018 16:00,182.64
3/23/2018 16:00,180.84
3/26/2018 16:00,187.22
3/27/2018 16:00,183.15
3/28/2018 16:00,183.61
3/29/2018 16:00,188.43
4/2/2018 16:00,182.75
4/3/2018 16:00,182.61
4/4/2018 16:00,185.52
4/5/2018 16:00,186.25
4/6/2018 16:00,183.96
4/9/2018 16:00,184.41
4/10/2018 16:00,183.55
4/11/2018 16:00,184.65
4/12/2018 16:00,188.82
4/13/2018 16:00,188.91
4/16/2018 16:00,194.58
4/17/2018 16:00,194.58
4/18/2018 16:00,196.51
4/19/2018 16:00,195.07
4/20/2018 16:00,193.56
4/23/2018 16:00,193.35
4/24/2018 16:00,192.51
4/25/2018 16:00,193.97
4/26/2018 16:00,195.26
4/27/2018 16:00,196.58
4/30/2018 16:00,197.16
5/1/2018 16:00,196.55
5/2/2018 16:00,194
5/3/2018 16:00,193.01
5/4/2018 16:00,195.19
5/7/2018 16:00,193.06
5/8/2018 16:00,194.48
5/9/2018 16:00,196.04
5/10/2018 16:00,195.45
5/11/2018 16:00,195.76
5/14/2018 16:00,195.88
5/15/2018 16:00,195.48
5/16/2018 16:00,198.71
5/17/2018 16:00,199.6
5/18/2018 16:00,199.6
5/21/2018 16:00,199.62
5/22/2018 16:00,198.97
5/23/2018 16:00,198.14
5/24/2018 16:00,198.89
5/25/2018 16:00,198.36
5/29/2018 16:00,196.74
5/30/2018 16:00,199.64
5/31/2018 16:00,198.24
6/1/2018 16:00,197.13
6/4/2018 16:00,198.62
6/5/2018 16:00,197.84
6/6/2018 16:00,197.66
6/7/2018 16:00,202.57
6/8/2018 16:00,203.76
6/11/2018 16:00,204.5
6/12/2018 16:00,204.88
6/13/2018 16:00,204.11
6/14/2018 16:00,205.12
6/15/2018 16:00,207.32
6/18/2018 16:00,206.21
6/19/2018 16:00,207.53
6/20/2018 16:00,207.98
6/21/2018 16:00,209.96
6/22/2018 16:00,211.1
6/25/2018 16:00,211.75
6/26/2018 16:00,210.09
6/27/2018 16:00,210.03
6/28/2018 16:00,208.71
6/29/2018 16:00,208.98
7/2/2018 16:00,207.99
7/3/2018 13:00,207.12
7/5/2018 16:00,209.14
7/6/2018 16:00,209.62
7/9/2018 16:00,210.94
7/10/2018 16:00,211.7
7/11/2018 16:00,210.95
7/12/2018 16:00,214.02
7/13/2018 16:00,216.54
7/16/2018 16:00,214.85
7/17/2018 16:00,215
7/18/2018 16:00,214.97
7/19/2018 16:00,217.54
7/20/2018 16:00,218.69
7/23/2018 16:00,218.84
7/24/2018 16:00,218.58
7/25/2018 16:00,220.7
7/26/2018 16:00,221.72
7/27/2018 16:00,219.65
7/30/2018 16:00,219.11
7/31/2018 16:00,218.71
8/1/2018 16:00,217.13
8/2/2018 16:00,221.12
8/3/2018 16:00,222.03
8/6/2018 16:00,222.72
8/7/2018 16:00,223.86
8/8/2018 16:00,224.58
8/9/2018 16:00,218.24
8/10/2018 16:00,220.31
8/13/2018 16:00,219.56
8/14/2018 16:00,222
8/15/2018 16:00,221.67
8/16/2018 16:00,223.19
8/17/2018 16:00,225.68
8/20/2018 16:00,227.35
8/21/2018 16:00,228.54
8/22/2018 16:00,229.21
8/23/2018 16:00,229.51
8/24/2018 16:00,231.28
8/27/2018 16:00,230.03
8/28/2018 16:00,230.26
8/29/2018 16:00,230.19
8/30/2018 16:00,230.83
8/31/2018 16:00,233.13
9/4/2018 16:00,234.68
9/5/2018 16:00,235.61
9/6/2018 16:00,236.68
9/7/2018 16:00,241.46
9/10/2018 16:00,243.18
9/11/2018 16:00,244.21
9/12/2018 16:00,242.44
9/13/2018 16:00,241.27
9/14/2018 16:00,235.38
9/17/2018 16:00,232
9/18/2018 16:00,234.35
9/19/2018 16:00,233.85
9/20/2018 16:00,233.92
9/21/2018 16:00,234.76
9/24/2018 16:00,233.34
9/25/2018 16:00,232.93
9/26/2018 16:00,233.81
9/27/2018 16:00,234
9/28/2018 16:00,234.88
10/1/2018 16:00,234.65
10/2/2018 16:00,236.35
10/3/2018 16:00,233.2
10/4/2018 16:00,231.68
10/5/2018 16:00,218.82
10/8/2018 16:00,223.93
10/9/2018 16:00,224.17
10/10/2018 16:00,221.05
10/11/2018 16:00,221.82
10/12/2018 16:00,226.95
10/15/2018 16:00,224.51
10/16/2018 16:00,227.68
10/17/2018 16:00,228.49
10/18/2018 16:00,228.58
10/19/2018 16:00,229.67
10/22/2018 16:00,229.06
10/23/2018 16:00,228.75
10/24/2018 16:00,223.76
10/25/2018 16:00,226.4
10/26/2018 16:00,218.19
10/29/2018 16:00,222.42
10/30/2018 16:00,227.92
10/31/2018 16:00,228.63
11/1/2018 16:00,229.6
11/2/2018 16:00,230.16
11/5/2018 16:00,234.45
11/6/2018 16:00,236.71
11/7/2018 16:00,240.37
11/8/2018 16:00,238.7
11/9/2018 16:00,237.74
11/12/2018 16:00,234.48
11/13/2018 16:00,234.14
11/14/2018 16:00,233.31
11/15/2018 16:00,229.94
11/16/2018 16:00,231.02
11/19/2018 16:00,228.74
11/20/2018 16:00,219.31
11/21/2018 16:00,218.57
11/23/2018 13:00,220.06
11/26/2018 16:00,219.45
11/27/2018 16:00,223.01
11/28/2018 16:00,230.34
11/29/2018 16:00,231
11/30/2018 16:00,231.28
12/3/2018 16:00,232.08
12/4/2018 16:00,226.35
12/6/2018 16:00,233.2
12/7/2018 16:00,224.86
12/10/2018 16:00,222.66
12/11/2018 16:00,226.5
12/12/2018 16:00,227.8
12/13/2018 16:00,226.51
12/14/2018 16:00,207.06
12/17/2018 16:00,202.23
12/18/2018 16:00,202.99
12/19/2018 16:00,201.41
12/20/2018 16:00,197.13
12/21/2018 16:00,194.52
12/24/2018 13:00,189.99
12/26/2018 16:00,198.63
12/27/2018 16:00,201.08
12/28/2018 16:00,202.04
12/31/2018 16:00,203.71
1/2/2019 16:00,204.76
1/3/2019 16:00,200.42
1/4/2019 16:00,206.24
1/7/2019 16:00,207
1/8/2019 16:00,208.55
1/9/2019 16:00,209.9
1/10/2019 16:00,210.64
1/11/2019 16:00,210.51
1/14/2019 16:00,209
1/15/2019 16:00,211.03
1/16/2019 16:00,210.18
1/17/2019 16:00,211.46
1/18/2019 16:00,213.59
1/22/2019 16:00,212.4
1/23/2019 16:00,212.09
1/24/2019 16:00,210.31
1/25/2019 16:00,209.07
1/28/2019 16:00,210.77
1/29/2019 16:00,210.31
1/30/2019 16:00,211.35
1/31/2019 16:00,214.63
2/1/2019 16:00,210.27
2/4/2019 16:00,211.18
2/5/2019 16:00,211.61
2/6/2019 16:00,211.6
2/7/2019 16:00,209.05
2/8/2019 16:00,207.75
2/11/2019 16:00,208.72
2/12/2019 16:00,211.9
2/13/2019 16:00,212.8
2/14/2019 16:00,213.84
2/15/2019 16:00,216.47
2/19/2019 16:00,218.12
2/20/2019 16:00,217.11
2/21/2019 16:00,215.23
2/22/2019 16:00,216.29
2/25/2019 16:00,217.05
2/26/2019 16:00,217.61
2/27/2019 16:00,218.05
2/28/2019 16:00,218.74
3/1/2019 16:00,219.44
3/4/2019 16:00,218.41
3/5/2019 16:00,219.82
3/6/2019 16:00,219.23
3/7/2019 16:00,216.79
3/8/2019 16:00,227.82
3/11/2019 16:00,229.69
3/12/2019 16:00,232.96
3/13/2019 16:00,236.38
3/14/2019 16:00,233.84
3/15/2019 16:00,233.6
3/18/2019 16:00,236.59
3/19/2019 16:00,237.05
3/20/2019 16:00,236.98
3/21/2019 16:00,239.54
3/22/2019 16:00,237.56
3/25/2019 16:00,236.97
3/26/2019 16:00,239.07
3/27/2019 16:00,239.41
3/28/2019 16:00,241.22
3/29/2019 16:00,242.14
4/1/2019 16:00,244.19
4/2/2019 16:00,240.5
4/3/2019 16:00,242.48
4/4/2019 16:00,244.4
4/5/2019 16:00,245.87
4/8/2019 16:00,246.52
4/9/2019 16:00,244.91
4/10/2019 16:00,245.61
4/11/2019 16:00,241.24
4/12/2019 16:00,241.95
4/15/2019 16:00,246.33
4/16/2019 16:00,245.34
4/17/2019 16:00,245.56
4/18/2019 16:00,245.81
4/22/2019 16:00,243.42
4/23/2019 16:00,245.58
4/24/2019 16:00,247.96
4/25/2019 16:00,245.6
4/26/2019 16:00,243.82
4/29/2019 16:00,244.28
4/30/2019 16:00,245.53
5/1/2019 16:00,241.59
5/2/2019 16:00,242.69
5/3/2019 16:00,244.62
5/6/2019 16:00,244.23
5/7/2019 16:00,240.18
5/8/2019 16:00,241.34
5/9/2019 16:00,243.47
5/10/2019 16:00,247.02
5/13/2019 16:00,241.92
5/14/2019 16:00,242.73
5/15/2019 16:00,244.67
5/16/2019 16:00,247.44
5/17/2019 16:00,248.35
5/20/2019 16:00,248.9
5/21/2019 16:00,249.93
5/22/2019 16:00,249.51
5/23/2019 16:00,248.53
5/24/2019 16:00,247.3
5/28/2019 16:00,246.31
5/29/2019 16:00,240.69
5/30/2019 16:00,241.54
5/31/2019 16:00,239.58
6/3/2019 16:00,241.07
6/4/2019 16:00,245.61
6/5/2019 16:00,247.96
6/6/2019 16:00,251.21
6/7/2019 16:00,256.01
6/10/2019 16:00,256.85
6/11/2019 16:00,257.11
6/12/2019 16:00,257.23
6/13/2019 16:00,259.71
6/14/2019 16:00,260.15
6/17/2019 16:00,261.43
6/18/2019 16:00,262.74
6/19/2019 16:00,263.66
6/20/2019 16:00,267.35
6/21/2019 16:00,266.13
6/24/2019 16:00,266.77
6/25/2019 16:00,266.36
6/26/2019 16:00,264.41
6/27/2019 16:00,265.58
6/28/2019 16:00,264.26
7/1/2019 16:00,263.55
7/2/2019 16:00,265.47
7/3/2019 13:00,269.14
7/5/2019 16:00,268.25
7/8/2019 16:00,269.4
7/9/2019 16:00,269.97
7/10/2019 16:00,271.42
7/11/2019 16:00,276.54
7/12/2019 16:00,279.44
7/15/2019 16:00,280.58
7/16/2019 16:00,280.65
7/17/2019 16:00,281.56
7/18/2019 16:00,282.91
7/19/2019 16:00,281.51
7/22/2019 16:00,280.17
7/23/2019 16:00,280.1
7/24/2019 16:00,280.83
7/25/2019 16:00,279.8
7/26/2019 16:00,281.37
7/29/2019 16:00,280.13
7/30/2019 16:00,279.5
7/31/2019 16:00,275.63
8/1/2019 16:00,274.57
8/2/2019 16:00,272.5
8/5/2019 16:00,265.1
8/6/2019 16:00,269.31
8/7/2019 16:00,274.3
8/8/2019 16:00,274.8
8/9/2019 16:00,273.94
8/12/2019 16:00,271.31
8/13/2019 16:00,276.26
8/14/2019 16:00,268.15
8/15/2019 16:00,271.52
8/16/2019 16:00,274.1
8/19/2019 16:00,275.61
8/20/2019 16:00,272.97
8/21/2019 16:00,275.68
8/22/2019 16:00,279.92
8/23/2019 16:00,274.01
8/26/2019 16:00,278.46
8/27/2019 16:00,292.38
8/28/2019 16:00,294.49
8/29/2019 16:00,296.57
8/30/2019 16:00,294.76
9/3/2019 16:00,292.05
9/4/2019 16:00,296.12
9/5/2019 16:00,296.97
9/6/2019 16:00,303.76
9/9/2019 16:00,299
9/10/2019 16:00,297
9/11/2019 16:00,290.69
9/12/2019 16:00,289.89
9/13/2019 16:00,291.9
9/16/2019 16:00,288.69
9/17/2019 16:00,291.41
9/18/2019 16:00,292.43
9/19/2019 16:00,287.83
9/20/2019 16:00,286.36
9/23/2019 16:00,287.57
9/24/2019 16:00,287.91
9/25/2019 16:00,288.51
9/26/2019 16:00,288.26
9/27/2019 16:00,285.95
9/30/2019 16:00,288.11
10/1/2019 16:00,283.93
10/2/2019 16:00,285.11
10/3/2019 16:00,289
10/4/2019 16:00,291.67
10/7/2019 16:00,293.41
10/8/2019 16:00,291.89
10/9/2019 16:00,296.9
10/10/2019 16:00,297.14
10/11/2019 16:00,297.6
10/14/2019 16:00,297.52
10/15/2019 16:00,298.39
10/16/2019 16:00,298.78
10/17/2019 16:00,302.4
10/18/2019 16:00,302.86
10/21/2019 16:00,301.08
10/22/2019 16:00,299.97
10/23/2019 16:00,297.32
10/24/2019 16:00,297.05
10/25/2019 16:00,296.5
10/28/2019 16:00,298.94
10/29/2019 16:00,295.86
10/30/2019 16:00,299.84
10/31/2019 16:00,297.11
11/1/2019 16:00,296.09
11/4/2019 16:00,296.82
11/5/2019 16:00,299.18
11/6/2019 16:00,301.57
11/7/2019 16:00,305.21
11/8/2019 16:00,302.62
11/11/2019 16:00,300.84
11/12/2019 16:00,300.5
11/13/2019 16:00,302.9
11/14/2019 16:00,304.59
11/15/2019 16:00,303.66
11/18/2019 16:00,304.54
11/19/2019 16:00,302.24
11/20/2019 16:00,300.57
11/21/2019 16:00,300.27
11/22/2019 16:00,299.31
11/25/2019 16:00,299.05
11/26/2019 16:00,301.24
11/27/2019 16:00,300.76
11/29/2019 13:00,299.81
12/2/2019 16:00,297.39
12/3/2019 16:00,295.67
12/4/2019 16:00,296.52
12/5/2019 16:00,293.1
12/6/2019 16:00,294.95
12/9/2019 16:00,295.16
12/10/2019 16:00,295.78
12/11/2019 16:00,295.3
12/12/2019 16:00,297.34
12/13/2019 16:00,291.87
12/16/2019 16:00,293.5
12/17/2019 16:00,295.55
12/18/2019 16:00,291.87
12/19/2019 16:00,293.71
12/20/2019 16:00,294.83
12/23/2019 16:00,293.31
12/24/2019 13:00,294.23
12/26/2019 16:00,295.73
12/27/2019 16:00,294.11
12/30/2019 16:00,295.14
12/31/2019 16:00,293.92
